{"all": [9284697, 0.11460966362176385], "fiction": [992826, 0.4977740308976598], "non-fiction": [648745, 0.06076501552998482]}